booth_number,candidate_1_votes,candidate_2_votes,candidate_3_votes,candidate_4_votes,candidate_5_votes,candidate_6_votes,candidate_7_votes,candidate_8_votes,candidate_9_votes,candidate_10_votes
1,976,2961,2776,1878,5755,3941,9237,2766,9771,2477
2,3036,6110,6141,5611,8341,5434,3657,4337,3702,2580
3,6440,720,8860,5610,9400,4031,5545,189,3529,9924
4,9306,7120,7545,6189,5780,5037,1180,4939,2026,9800
5,2778,9175,1458,366,786,2277,320,63,8684,7387
6,1286,4278,9040,3311,9226,7956,5548,6539,4014,906
7,32,79,8073,4995,5068,7256,6996,723,3955,9302
8,3757,6235,2395,3148,4601,2315,3059,4666,2065,546
9,8529,7087,7633,846,1656,6710,6209,8277,2259,4365
10,9507,6264,5965,1949,3825,7105,4343,3274,2585,4974
11,6443,1479,668,8162,1257,3820,6820,4412,9638,4178
12,3215,8506,8539,6122,3231,1269,5258,1848,7217,9021
13,5294,8616,3641,3557,2999,9087,8571,7944,5670,6569
14,800,7638,1207,9928,2346,2946,5174,1743,8490,710
15,9882,1314,8285,9588,2698,4061,4408,6505,3966,7279
16,6524,2343,6688,1276,2764,1250,6460,281,3066,9501
17,8028,2941,9612,7246,9653,9798,4742,3471,9117,8812
18,8545,7985,1955,6668,7954,928,5155,7200,9447,471
19,5430,8296,7968,9968,1173,49,5359,6071,1482,6042
20,542,7759,6916,3557,8707,1497,6248,9736,5877,9569
21,1141,6570,7035,2752,4593,1765,1160,5036,2461,2172
22,2118,5379,2220,8691,7368,797,640,3425,1732,2437
23,1457,7110,1819,5357,2679,3704,2463,2018,4949,4469
24,9042,8281,6961,9643,6405,4250,5537,3125,1824,306
25,5835,5077,8934,7973,7422,5132,6467,7162,8815,4150
26,7645,5745,2778,1209,3154,5955,3379,9996,6128,4659
27,9764,2275,1173,1092,1517,796,2543,9189,2249,7477
28,8172,1422,1562,8370,9601,458,4186,3644,5396,472
29,354,9438,7278,1007,2111,3207,710,6563,2512,1297
30,8088,3982,7692,4038,6766,4997,7251,9046,7313,8363
31,1828,2580,248,8330,5614,4213,2606,155,9179,7382
32,6114,4085,4072,1271,2083,689,5805,297,8168,3660
33,4141,825,4096,2746,7573,3957,1056,4568,5471,4422
34,9586,2181,6723,8960,3727,6090,2951,5402,8539,9856
35,9541,4866,4657,1392,3444,1741,279,218,8008,3318
36,2827,9637,9403,5896,2390,8933,3023,8815,7329,9097
37,340,8859,7557,370,7862,8912,2503,3942,4640,6064
38,7003,5873,5537,4255,8924,9928,5247,3955,3492,6689
39,6427,5509,8273,7374,4192,6333,5218,222,2644,6662
40,2761,5677,6841,8968,9695,9335,4930,5418,7132,54
41,8743,9844,9310,3180,4736,7061,2448,5248,3511,2872
42,2946,6326,9779,1968,5548,9548,9746,258,7397,7911
43,5921,8011,898,4993,2656,5321,9499,1111,3520,6244
44,7076,5745,315,3642,2865,2071,63,5759,8977,4328
45,1945,4473,3904,153,4009,2093,2019,822,2878,9630
46,1692,5806,320,3362,6948,3569,6030,7729,7145,3402
47,8426,1532,197,6388,2181,9324,4327,728,5149,9374
48,6421,5884,6569,271,2811,9579,2393,5780,5084,5055
49,2170,2395,9114,4315,5476,7400,6936,6273,9832,7321
50,4771,6426,1891,4190,1309,9679,8915,8588,2315,818
51,8120,9119,3220,5086,5253,3224,5554,4892,6403,9665
52,416,8368,4224,8973,4487,1047,5470,6390,4314,1652
53,9595,1641,3192,2735,456,5998,6361,5177,2333,7896
54,2714,4444,3580,2403,7497,7813,1523,1208,499,3251
55,2324,5090,9220,7024,3864,1932,2807,2820,6700,1882
56,9623,1077,6286,1055,2427,7553,2158,3939,4977,9841
57,5226,1916,5712,4174,3267,6744,3857,4750,3869,1990
58,8207,3917,1821,5321,4140,4456,4418,7464,971,731
59,7677,8674,8133,2819,2888,2082,7433,9353,2536,416
60,7294,2534,151,310,8942,4014,2376,4354,3082,8359
61,3166,9245,6506,6222,293,7235,7338,6160,1059,6566
62,518,8954,3264,8753,1047,1518,2286,8169,9231,7646
63,9017,6786,5544,8685,8096,7050,4835,472,5617,9930
64,1447,2142,3334,7905,6414,2159,2816,2958,221,5295
65,6851,6244,3342,5738,12,344,6664,5036,1890,6415
66,7547,7862,8703,4325,4549,4565,3201,2458,9878,396
67,8947,2861,6611,8619,6238,4473,4928,4090,1111,285
68,7205,9795,7749,4927,3985,3522,42,9907,5278,8952
69,8169,6425,4439,7028,1653,870,3999,7182,3779,4944
70,1903,7990,3911,4471,6400,5915,2213,3837,1325,250
71,279,7344,2276,6998,601,58,5486,9548,7695,2963
72,3454,5287,6858,3060,377,2981,1030,960,3217,245
73,8950,457,3900,3646,1146,4045,5876,7784,8563,1869
74,9766,35,9700,3628,978,9619,6227,2523,3348,5749
75,8310,4283,2795,3633,3816,7547,3869,2989,7974,4104
76,319,5431,1927,4639,7034,7337,783,6251,1300,7128
77,9619,5506,4238,4537,3517,1009,7591,9407,844,1092
78,7700,6105,904,4041,3010,3201,3476,6057,5226,1387
79,9232,7966,3728,4244,2608,7460,5782,1796,6376,6726
80,4237,3452,3147,5276,6253,8378,6686,9584,8847,5779
81,3242,8521,3038,6008,1014,3015,4571,6762,3877,8637
82,5103,7712,8156,1652,8862,5464,7584,7962,8493,4247
83,7470,9935,2278,8517,9111,2779,6020,6016,3383,3341
84,5103,8554,4245,2260,8336,1442,465,8661,5848,8583
85,3672,3387,8540,1533,4239,5523,5352,7910,8223,1147
86,4674,6448,6621,599,6151,2659,9368,8331,6249,5878
87,5430,1792,850,5182,3191,302,9547,923,8180,448
88,202,6263,8353,6646,9350,5963,6380,4565,8123,6453
89,7878,1620,7031,1141,2748,7180,7586,5927,6473,4241
90,199,5955,1304,1550,5318,7495,4611,5296,5664,3344
91,2061,3013,5478,2927,8686,7932,2641,7536,4399,4651
92,5415,8733,588,3878,7037,8071,3260,842,6359,8582
93,6749,9680,8271,4320,3542,6595,9731,1382,3667,8866
94,8628,400,8013,3617,2752,2067,603,4844,7556,2388
95,8358,6048,6966,6409,6059,2853,9681,5335,648,2335
96,4676,3087,3221,3804,447,8764,1430,1021,1052,6588
97,362,1665,2937,6286,4653,859,5029,5550,3448,9443
98,5819,292,1928,6744,969,1689,138,6256,6517,286
99,75,3622,9416,1804,9731,1470,1622,4556,7043,6463
100,4860,8912,8236,8210,1368,8047,5382,8888,2276,460
101,2400,9483,8897,3482,3409,6959,9085,1371,7414,6997
102,4496,6189,5378,8615,6002,2366,9947,6760,2404,58
103,7373,1806,1902,5056,3004,4744,3527,4104,4973,8921
104,3498,559,9081,6132,1908,509,8101,1503,8151,9089
105,5875,2208,8190,5358,315,8264,6393,7154,3537,9580
106,2396,2456,7584,6631,4420,3358,9302,1804,2428,2205
107,3702,440,6366,4784,2031,8897,8631,1394,4988,7604
108,8775,8317,713,8502,5843,3079,3143,4457,380,9178
109,9971,464,6583,7301,5611,4948,8690,4948,107,7324
110,6051,7469,2270,4075,7318,3362,1418,7572,6708,4545
111,9654,3584,3706,6600,3227,1212,7963,3302,1112,3788
112,8239,9164,9842,275,6919,9335,2400,2704,7999,4065
113,65,6840,9671,6263,9636,4896,3363,4948,1381,4048
114,9983,4278,7069,3597,4326,7651,7872,3875,6641,5530
115,7938,8001,3017,4871,3147,9415,4272,4702,5549,4009
116,1373,7600,4109,7115,2150,1027,8850,2422,6392,1333
117,4411,1506,8580,3734,2405,9974,3857,1337,2015,6425
118,7197,5211,3585,6167,554,7973,3087,40,163,1735
119,7162,5124,5290,7598,4559,4220,4520,1874,3825,1744
120,471,4587,5755,7575,432,2203,8400,8495,5601,8286
121,6161,3865,3717,7486,6184,9193,2317,2142,1083,338
122,4883,2983,2519,9195,7105,2768,5869,1417,7084,557
123,139,8253,4845,6215,7480,9392,1387,611,7680,8851
124,7035,6288,326,3204,6187,3862,6932,5071,3852,3335
125,9169,6688,358,6730,9971,4592,4266,4182,6103,4544
126,9860,638,4004,3431,9598,7414,357,1966,7184,6336
127,9331,1200,9706,5098,7056,7246,9561,2774,6344,8307
128,3781,6295,5750,4949,7359,5172,7681,5423,1882,236
129,4774,6340,1094,5556,6928,1289,27,1719,8374,7306
130,3726,6805,3687,5810,4057,7007,5030,3607,7596,3907
131,4684,959,810,6586,3921,4507,2314,1243,8511,4380
132,6918,5572,8147,2644,4731,9676,3979,2640,4346,648
133,4992,6128,9429,1466,1631,3865,481,4565,4170,8827
134,2508,4011,2572,5240,9642,818,196,1171,6911,7983
135,7328,2795,2516,8866,8518,20,9349,2789,4715,1120
136,9479,242,5751,4222,3066,8388,5866,9000,703,3807
137,2814,4730,340,9914,5879,5883,8422,5488,2668,5237
138,8702,9696,346,1301,3451,770,685,6572,72,9792
139,2128,4458,3792,4325,721,7557,9416,507,4469,919
140,3090,5944,8211,1265,4063,5346,1752,564,4172,2308
141,8726,3959,6514,6245,9235,9931,1466,3384,3585,8138
142,9247,5336,4900,6346,5427,4063,2834,1594,5449,9933
143,1381,5575,9930,5251,4227,1731,1333,9315,8822,3727
144,3315,804,2010,6990,9457,8985,2134,1293,6203,7409
145,2720,6086,8403,4707,843,9931,1779,4613,1745,3636
146,8292,6722,313,9427,4320,5752,7472,6916,7890,8439
147,5168,3392,444,7863,7662,2393,3694,9015,9354,401
148,5866,874,1496,8627,4586,7458,1535,6794,1705,4484
149,4296,947,230,707,5964,2507,3634,8364,1422,9811
150,7651,4341,9,2623,3453,4463,7580,3645,3742,9496
151,8742,4672,9102,9061,8881,7689,9029,6642,7004,1591
152,4818,4650,8107,8614,953,46,7839,1463,2896,5645
153,7590,6017,6355,1030,5811,4599,7453,6715,4948,8277
154,5820,2420,5405,6495,4219,6153,8992,1917,8292,4475
155,3507,7784,3080,6811,8929,3642,864,2464,8421,544
156,459,7639,286,3261,226,8514,2119,9834,7415,2006
157,4829,9272,7985,9825,3880,91,8540,3483,6368,8397
158,9337,5470,6834,2536,7058,8474,5255,5451,5992,7117
159,7339,9548,3355,9978,4312,66,5837,113,7002,9773
160,1202,9329,5522,9577,3953,4235,3630,3782,9400,1771
161,834,8339,4406,5678,9230,2458,3280,5728,4234,5
162,1113,9518,5215,9003,4945,11,2662,3257,5736,4983
163,9172,4782,3006,9668,5439,2483,1900,8217,1588,7769
164,8708,8409,2422,280,5460,865,9705,2101,2513,8757
165,1229,5353,3411,1465,6492,4191,1053,2373,559,5050
166,6722,6136,672,1717,3908,4747,6617,8306,840,2511
167,2596,8297,6633,1752,9409,1111,5278,5749,1681,7298
168,1958,9776,7132,3561,3264,7788,6001,7464,6472,7158
169,1805,356,938,4927,2471,5838,3820,3606,7060,2610
170,2625,1438,1163,9155,6051,6486,1636,6509,9901,702
171,9771,1320,2653,510,1398,1811,7140,5149,1909,6945
172,9360,9630,8604,5244,6954,7556,6436,1316,2580,1823
173,511,5114,2807,7934,4674,2350,5373,9972,6484,4242
174,5529,106,437,2882,108,6008,7549,7550,9781,6430
175,3226,6535,1897,1792,4616,3769,8118,2865,6269,4767
176,4333,1359,8240,3629,9480,9868,1503,8239,5744,5574
177,9545,9468,25,8898,3433,6819,6501,7063,6653,1243
178,3413,2404,7733,454,8296,2510,2119,9355,5018,2887
179,9852,3006,5996,5332,5968,317,8076,4111,2676,3951
180,3934,5470,5356,6708,8230,43,6785,8035,3633,1215
181,7811,2565,4515,7067,4183,129,1884,9115,1095,3866
182,2325,1386,5090,3000,7357,1673,2444,5851,9693,5294
183,926,6078,1691,7143,1439,6863,5322,4172,6785,5525
184,3447,986,7685,6430,776,3576,7545,1850,4215,919
185,4881,8828,989,8862,1523,7368,9388,4190,8374,617
186,4608,6978,7788,6274,9332,2999,416,1552,9679,1458
187,9292,6472,3053,2332,5039,9369,668,9945,8127,5910
188,9634,6271,9103,6130,1489,7309,4686,180,7383,9204
189,1552,2382,7908,6580,6453,9715,2823,3425,532,2552
190,130,2264,9608,8214,8185,799,2081,786,7441,5710
191,5235,8293,1623,4968,5748,632,1517,2137,8516,6545
192,2608,2334,3403,9516,7199,6679,3624,7455,5288,9486
193,6709,7485,1415,4614,7854,4154,5456,678,7640,864
194,9757,2028,1835,7978,2589,1715,8320,6281,5110,9808
195,4058,2478,71,7582,9257,1463,9940,1137,6578,2085
196,6481,8366,6390,8304,2445,8686,852,6108,446,4183
197,6992,5605,7096,4169,4334,3291,1649,2755,9024,9770
198,1969,2176,6691,9663,4612,6690,8936,8494,4402,9475
199,1367,5233,9312,8562,8562,4523,2356,1410,193,9901
200,4916,4662,3060,9674,2069,2037,8508,1777,6648,5218
201,5925,7180,1094,9857,8050,623,6663,2100,5465,9981
202,9620,4191,8845,7728,9122,8173,9727,343,6534,3264
203,1476,3060,8123,5403,6631,8795,6085,6521,1752,6229
204,3940,2196,9336,169,6953,208,5262,3066,8054,5925
205,7057,7654,6555,2833,7517,5818,6563,7540,932,8663
206,1016,1377,603,7334,9354,9439,3836,9689,4173,8895
207,7022,2740,206,6503,2233,1556,4318,4242,2313,2790
208,4767,763,9673,2192,6268,7977,9024,3110,343,7910
209,1815,5927,7970,2971,1886,5497,8558,6472,941,2344
210,1444,526,6824,2658,116,3091,2841,9929,1893,9071
211,7516,1083,1812,2535,4603,7808,8736,731,4211,2321
212,8725,7892,9052,4990,6252,7977,7270,5707,9685,625
213,7635,1291,711,4421,3841,6547,6826,3729,352,3309
214,6021,2789,5629,9980,1242,4539,4791,9567,5421,9889
215,1401,6560,9577,2038,506,2948,5565,5450,1635,7068
216,2545,6131,3500,824,7669,5835,4330,3674,5908,1519
217,7495,5786,1764,7875,5892,4867,9930,4136,925,968
218,6383,6052,9623,7027,4328,320,2709,4753,292,2794
219,5053,4562,305,5657,771,9682,4150,584,6016,1519
220,7497,686,4450,6537,289,2355,1188,5707,4550,9958
221,522,8684,4290,2900,4015,3108,5011,8421,7671,4513
222,284,3248,2792,3375,3609,8035,7081,9462,2831,4159
223,9854,8547,2605,9158,2906,8057,4172,686,4629,1024
224,1938,9471,8912,4744,8133,4574,716,5950,9068,8793
225,5918,2001,1277,6062,6208,5773,1289,6147,2328,9915
226,991,810,1541,7348,7685,6739,924,4199,7505,1638
227,6824,1456,3468,6609,7857,8927,7631,1495,521,6062
228,8170,4526,5432,2391,5026,3926,8278,9444,7369,6413
229,9269,2094,3830,8752,2742,3388,7092,165,2224,7456
230,582,1577,3087,1830,2905,4416,6743,5332,4925,9130
231,1907,7250,7717,7628,4355,7812,3683,5831,5741,8757
232,2317,4080,149,5577,3796,6137,5195,4263,3976,3578
233,3052,9867,880,770,5201,4581,4307,6837,860,2684
234,6402,2222,7411,1554,2383,7243,7094,7478,4535,4460
235,2216,7818,5268,6075,6673,4280,3687,9359,6437,652
236,61,5871,8820,2975,8764,5685,7384,9430,2393,1404
237,653,1329,5690,813,2518,4732,5228,1544,6488,1439
238,3016,9905,1454,2873,6509,2179,6596,1056,2525,1858
239,9820,777,3573,2147,5383,8819,3074,1969,2325,5880
240,5935,1197,5997,4186,202,5484,2210,4268,7015,7985
241,731,7273,6710,5564,2510,7114,6844,6198,1721,586
242,2017,796,261,8658,3438,4544,5254,5949,3516,1349
243,2101,8396,3844,4919,235,4649,9898,497,2286,6896
244,6137,8974,5939,2658,6501,7340,3970,2869,4548,2555
245,4531,1382,6339,962,1774,9026,7917,9305,3647,8182
246,5022,9997,4088,2625,4756,5738,653,986,6955,6384
247,3590,5036,2283,6785,9206,8783,4892,8828,1293,8567
248,9934,9134,8046,9272,3046,9316,4021,9244,9066,8849
249,1651,7938,5276,5770,1055,8395,480,2901,414,3254
250,4933,7908,9149,4865,9842,265,5751,8197,8913,8705
251,939,6436,2869,7180,1985,8385,3779,8039,3496,1843
252,2751,5637,1212,9537,4089,9634,7334,4108,9322,1627
253,3332,9261,3308,2857,9332,5353,7145,4467,8740,506
254,580,221,834,1139,518,6064,9785,2636,904,2899
255,3673,4714,2802,4133,8704,5284,8470,6575,5273,4340
256,6542,7960,5577,923,5658,7225,9060,6424,6931,8659
257,936,2291,2281,7125,6157,7728,8856,627,3866,3821
258,2723,3993,275,4255,1943,6589,3134,7690,2939,145
259,5581,4209,6318,4141,52,8280,2383,4107,5644,7926
260,3934,8443,7151,391,9522,9927,5908,4380,3640,9049
261,8482,5981,8309,7541,9757,6083,2412,3417,4214,7707
262,208,4201,8483,5562,3239,6320,4038,9705,3598,6764
263,6397,864,4697,1115,9210,1137,4775,4648,753,3883
264,1015,5205,1511,5991,5305,325,3719,4849,6657,8464
265,7965,4174,2099,8474,9998,7234,781,4145,5819,4519
266,7968,2802,1298,9282,6411,7791,5734,7443,361,966
267,7707,6823,5532,1736,8970,3530,6148,8849,2142,9470
268,4460,9194,765,5643,6327,2449,684,7925,5347,4955
269,3500,5592,7332,1449,6623,7213,1880,9600,6855,7381
270,6543,9488,6083,7719,9072,4953,1131,6482,9544,4640
271,3620,2803,5910,6325,9366,3923,7838,8906,2284,3535
272,7545,242,1477,8107,3785,2214,2304,1888,4034,532
273,8742,5556,9254,3029,5358,7379,4861,9917,5896,829
274,1103,3996,9488,6994,1455,5348,6899,4140,5045,1589
275,8695,196,9482,4388,3030,4393,1093,1023,1187,5905
276,7954,2773,1,811,6350,9222,2399,3913,9069,3364
277,6089,6906,5426,2683,3314,4826,2982,8172,8453,9566
278,7433,207,5982,7562,6145,8969,2586,5020,147,5380
279,8160,4473,285,7681,9173,797,4536,4467,1804,2620
280,284,7448,6062,5537,8955,2479,9954,2184,7679,687
281,1204,8153,6673,1566,1899,4365,2140,5613,51,9520
282,1043,9680,2461,2182,5206,447,8386,1289,4963,8726
283,2461,9542,5786,276,610,7921,7869,1634,1470,3685
284,2878,6560,9716,6932,3104,8120,8594,8022,4859,1168
285,517,4563,6925,1042,9416,3093,7461,2698,6749,265
286,4273,9221,8023,3650,2009,2383,8431,6840,3614,5905
287,874,3386,8205,2039,9217,4565,1852,1061,4489,9191
288,5648,3163,8217,3261,1559,4726,3034,679,9528,3785
289,6371,6673,2360,9971,8827,5055,4514,549,4365,1489
290,9416,5590,3155,8333,905,1542,9766,2096,7261,4198
291,7249,639,8394,8335,2216,3593,179,1007,5010,4734
292,7584,5744,6327,2755,5787,8986,7203,1912,4960,1164
293,9385,432,4951,3499,2787,894,1708,2828,8284,1554
294,8428,9042,4332,5363,9864,6466,8017,9522,5937,4236
295,2543,8999,5900,160,1593,1252,7846,9728,6211,6309
296,9176,3388,3472,445,8163,4639,6560,3638,2880,466
297,3857,8029,7331,9492,9782,5694,2861,7753,2058,2778
298,8623,960,1301,7331,6791,3857,1654,602,4495,2970
299,2029,6409,3432,6573,2044,3116,1972,4011,5521,9246
300,3012,3010,9986,9492,6736,3006,1593,4011,8835,5410
301,231,5167,3969,3598,4888,2921,1409,6024,4256,5005
302,7248,9910,7035,3042,3567,6897,3417,1908,2628,4483
303,7822,6649,7037,6310,8495,2919,7941,1918,1711,3246
304,9488,3300,6308,5240,3738,1090,534,7694,6059,8826
305,1481,8605,2240,3147,4870,8112,602,9498,1488,9076
306,6918,3954,2059,8567,3876,1001,1388,9121,5059,7502
307,7254,6218,5420,6317,9551,5653,9370,8743,5287,3301
308,1071,3843,5556,6286,3560,2273,8686,5543,9550,1337
309,6657,7598,1704,5712,9961,1841,5109,560,866,21
310,9642,3472,5003,6884,5029,9419,232,5045,7421,8860
311,9969,831,4228,3884,7625,224,9548,7218,9711,6539
312,9254,6035,8564,4610,830,7515,4571,3215,3855,7821
313,8493,9654,3936,3256,7323,3247,9779,90,889,6838
314,4012,3240,5738,1253,23,7276,5073,539,5938,917
315,636,5836,810,5807,5693,7527,1382,1953,3749,3756
316,5846,7835,835,4387,8976,7866,7432,551,9927,7578
317,2367,659,7300,3787,2617,281,9065,62,167,9227
318,9257,2349,307,8684,5709,4805,4035,2683,758,5056
319,4187,6362,9539,9117,8101,8067,6255,6385,6364,9828
320,6805,5627,7221,7713,6649,3773,6402,2455,1613,1513
321,6072,9189,4326,3582,9464,2037,2159,5873,8322,9055
322,4198,4384,8616,847,8116,2337,8398,131,804,5430
323,1698,6119,5976,8542,9602,5655,4967,4271,9260,3814
324,4431,3686,5401,1565,4097,387,8680,2058,1017,3184
325,1709,5776,9534,6314,9997,6228,3774,8252,6645,1015
326,9058,6962,9877,6210,6106,4358,2975,7959,6663,3126
327,6203,4205,5942,3158,7946,5455,8459,1575,3569,2812
328,8272,9198,3605,1890,7643,1551,1176,3311,1523,239
329,6308,5126,4940,5499,5578,4078,6519,6625,6504,8131
330,6696,3962,6126,8058,5452,8306,7635,7444,5640,7467
331,7826,4183,4852,7393,5208,1332,9516,7399,6756,5019
332,5468,2276,3876,4539,2404,5749,6631,8166,4731,7018
333,8004,1464,7165,1541,1931,6845,4444,8085,5634,1331
334,9209,1618,1020,9365,7059,6800,4494,4694,7406,130
335,3199,1835,5245,7253,6509,3182,6578,4257,1486,2650
336,1750,6719,2475,6176,2747,9622,9780,7664,7130,2329
337,7293,2463,1847,2765,1301,1837,9065,8411,6067,1527
338,27,4067,2558,6586,3756,257,2337,3021,4725,1420
339,2517,1768,2186,1717,3770,5110,7880,5612,2140,9480
340,4439,8617,3977,6512,3208,2874,803,6809,188,7013
341,4610,8986,5216,3353,800,5236,5542,8370,4689,2158
342,6601,3915,9226,9373,1042,5990,2709,1612,9418,2383
343,4776,7811,6890,6226,1372,6350,4649,7652,5897,9405
344,51,395,9626,5690,1239,8175,2165,3181,61,8908
345,7683,2022,7332,9978,4820,8434,8872,1959,8692,497
346,9425,9978,9325,9001,8183,6755,107,7210,6400,4137
347,5004,4147,8221,1999,9633,3390,5871,3038,8150,1280
348,7686,3355,8112,8643,6282,428,2346,9031,303,9058
349,324,9697,7290,1970,2961,6669,4212,27,8197,8378
350,4911,4714,821,2405,4875,2214,6510,6013,9583,9628
351,365,2560,5567,3634,535,4287,4838,2477,9659,1978
352,5132,2788,5152,4734,3557,4222,6639,9413,5626,5278
353,32,7707,8675,8759,8365,5807,9156,2511,1897,6364
354,8320,5143,9034,283,9263,5829,8618,5621,9211,6043
355,3948,2099,2487,961,4071,4129,9827,8665,5198,3484
356,6508,1797,3919,72,2751,740,4962,5553,756,6477
357,2809,67,971,8562,5183,262,5082,6862,8580,5999
358,2203,8333,1717,7877,2149,2574,9979,2106,3068,6340
359,3359,4536,1168,1077,3133,7645,658,1333,7125,9417
360,7370,8387,9900,82,3485,467,2216,8712,4049,5020
361,6249,6837,3070,1264,2961,9940,8920,1794,5833,8791
362,1301,2571,5752,3305,2620,432,1058,6185,5941,7378
363,9304,9290,8903,7430,1438,3072,1239,2554,1489,4384
364,6427,6783,5622,525,3859,8260,5326,5138,3304,1854
365,8416,5768,4960,7553,9221,5590,2456,9700,1090,1271
366,8611,1827,4612,87,7034,3500,5748,7281,376,9972
367,1346,4321,7304,4853,1830,9215,1155,9462,6970,1865
368,4072,808,8601,1024,1829,8137,5598,2641,826,7449
369,5304,6328,5399,3761,4247,7597,4269,2764,5661,1451
370,5659,2028,9063,6849,541,909,8625,3304,371,6401
371,6099,9865,6899,6134,3760,3462,1508,4220,1872,9019
372,6298,9701,3492,7131,1860,2587,337,1245,7592,425
373,2133,7696,7069,8514,4494,2379,55,667,7539,468
374,4031,6110,8755,1589,1584,5159,3314,244,7564,2440
375,78,6117,906,8719,9680,5988,4497,5812,2586,6129
376,2211,8623,6771,7255,7384,4559,3491,6063,8911,3981
377,7795,1986,2793,8642,9194,5169,8632,7633,8873,9505
378,6695,958,6925,3058,49,8533,7380,8396,2165,609
379,7409,2600,7568,194,8317,9411,6914,3772,7143,1521
380,5837,6655,6486,5753,2307,4945,7015,9641,6888,9580
381,5859,756,1994,9571,6115,732,7838,8663,6332,3301
382,9482,8237,2250,2750,4785,1794,7851,8691,7730,9718
383,5002,9907,8264,2124,6380,9391,1757,7519,8489,4583
384,7795,7672,3604,4276,1863,5470,1104,5188,5307,665
385,4036,8263,7301,5686,8503,2794,600,1979,3310,2195
386,4270,3820,3406,277,6530,7874,7872,2741,5103,9186
387,9409,3116,1997,3612,6631,2951,8274,2217,1594,4868
388,3054,3573,9015,6259,8182,4764,4769,3263,4242,7983
389,4176,8359,6020,6856,3392,1849,6216,1707,8517,3516
390,4167,6117,4818,205,7789,309,8079,4690,5345,2869
391,5762,9752,825,2530,1708,5694,321,4180,9166,2881
392,9721,2368,1000,7160,2647,9199,2120,6237,8335,9118
393,2976,4038,3647,5099,7211,1178,2721,2992,8023,8964
394,5773,7950,6036,5124,7038,773,5875,4562,8222,4685
395,4344,7706,9439,172,6382,3383,2897,5558,1193,1311
396,3620,8902,8917,8432,9345,9538,2969,4787,3618,4266
397,675,8674,969,4727,5692,5333,7451,3391,5197,2898
398,3392,160,4439,3340,8467,6976,748,8822,9494,2654
399,5183,5307,1518,5422,4375,9919,4286,9719,8680,7670
400,6255,2073,8876,3180,3500,2094,7451,6755,29,5878
401,8997,240,1681,5566,4241,7598,9128,5512,5807,5048
402,4802,5520,6663,2623,7849,3802,417,5571,7853,6249
403,6658,9875,7504,9443,6193,1042,3377,3338,4111,1761
404,4820,5781,4319,1364,7219,2674,2511,5149,3943,8488
405,1047,9821,283,5820,9097,4537,3333,364,6067,7134
406,3714,3605,3997,7540,5427,2059,7356,6934,6784,6381
407,4736,3626,7669,9588,438,9759,149,9857,4089,4825
408,3558,7011,4634,1281,817,6454,9987,3394,5479,4337
409,1216,8797,3860,3022,1711,1280,1066,5791,1797,7109
410,3548,998,1913,8990,3841,5381,716,6864,6143,8115
411,9433,4785,4502,8922,4589,2449,2321,8669,5089,2069
412,6446,5193,4595,7589,8050,9089,4567,6777,5575,4693
413,9168,7914,5513,7083,5614,5490,5856,4731,2283,6936
414,1702,6545,3536,9406,260,5237,7364,8799,9431,9708
415,7369,4065,7779,5635,381,5250,3079,806,5650,7538
416,1827,8493,6338,6306,2880,268,7264,6534,92,2261
417,5822,9245,8412,2152,3953,5589,3364,1733,5211,8177
418,9279,9827,8126,5736,1629,3028,6583,5435,7392,2413
419,2687,4537,9123,2216,9409,1180,7856,5023,8595,7108
420,3154,8333,3371,8335,2797,6899,4752,1836,7279,9432
421,7543,2513,4262,1165,9183,4648,9293,4150,2703,4561
422,4795,1148,8882,2472,5061,9565,5440,575,9698,1234
423,4597,1943,429,1112,9786,4887,9613,4230,3770,4399
424,8708,7726,4542,3905,1881,6626,6511,3069,5532,6955
425,2288,5757,327,5476,6761,47,4043,2383,7188,4884
426,8324,7838,2847,6806,5110,4871,8831,319,4297,1405
427,3559,2061,2756,6162,5282,8238,6330,848,4457,8441
428,9118,4501,4346,6894,4463,5027,2363,1549,6843,3678
429,5936,1425,4595,7806,6932,1214,8880,7655,3588,5802
430,4539,986,5153,5232,6408,5854,116,2554,688,6517
431,4068,2842,711,9058,9947,4490,8926,3813,2159,6284
432,3180,9579,7882,6148,8848,9094,8962,1545,4685,4713
433,4709,865,1285,4758,1425,1152,6652,6740,3746,8118
434,1906,1330,8865,9706,7516,7235,8623,3631,1963,9370
435,6807,6376,825,7335,1027,3562,5467,9967,6107,9413
436,7257,2580,2259,8973,8047,3861,6383,6568,4603,3638
437,6883,4782,4382,6004,4763,9329,2929,1827,1012,126
438,5523,519,2476,5312,1362,53,5691,2568,2025,4451
439,939,7419,4059,2691,1226,2279,2315,5348,3714,656
440,7380,3050,9706,8691,5072,8009,5014,4252,6840,7483
441,6411,4915,6751,678,6617,6929,4738,4202,169,2010
442,9758,4711,1783,4684,1510,8405,6990,8572,564,2480
443,9242,5512,508,9821,5161,9892,711,1957,3731,335
444,3511,5535,7780,349,9541,7112,4796,9580,5119,8305
445,5135,6468,6592,896,9219,7978,5792,2134,8850,6831
446,2376,8322,8188,4685,6272,5612,6084,9650,2669,4724
447,8060,4246,5958,6507,4464,1841,3575,984,4078,5921
448,5840,8736,2422,4233,1159,756,6934,9795,6865,2207
449,6005,5774,8858,7978,429,1542,581,1102,6924,7667
450,7525,8557,2810,5595,5912,5375,3445,7956,6201,6415
451,1634,4064,4744,6985,2899,1122,2445,588,4637,1230
452,7417,1987,9975,1640,4833,3332,1096,2660,6325,9272
453,910,7331,1091,4775,3122,9036,2778,9041,6463,69
454,4857,5043,6477,4576,5663,5431,62,5226,7476,3693
455,5886,1668,9302,7910,4589,706,22,4730,7990,5262
456,5121,7242,5493,8171,1125,9299,6128,7737,6633,9458
457,1804,8754,5068,7360,27,4611,9982,1614,86,4503
458,7680,1323,5602,2261,1184,4459,7768,153,6144,9332
459,9646,5745,6573,4057,8348,2341,1878,4024,7721,3035
460,3998,1993,8586,5327,6331,480,5831,7799,5819,5216
461,9614,7242,7633,1970,4068,5784,974,7188,3784,7564
462,6115,1272,2155,5853,7107,9987,6803,4926,3922,8684
463,2041,2332,6229,5678,9757,1345,7582,7517,1563,1109
464,2721,2254,5081,7179,5280,1305,3382,1274,5531,6925
465,9620,5791,7136,4934,8072,3831,1855,8181,4302,262
466,2087,5537,4404,2310,9524,6300,7813,1517,1039,7736
467,4913,7273,6490,2079,2135,1369,7953,6428,6645,677
468,1250,4277,6098,7435,3018,682,1359,6704,1437,1016
469,418,5359,1508,8771,8986,9572,4461,3598,9086,6506
470,7127,1698,9255,2393,3243,2594,2435,446,7887,3113
471,8690,5508,6244,7287,3272,1954,6233,6261,5493,5652
472,9378,8228,5387,2222,7966,1165,8509,1997,6981,4919
473,3834,8305,5593,4864,7926,5538,8916,2355,9119,915
474,8566,6912,2566,3461,8845,865,5575,3157,8877,3367
475,1836,9957,662,6917,1239,6749,7306,5012,4763,2419
476,1064,8522,6412,6316,328,466,9,601,9634,8878
477,419,8463,4782,6310,6985,6281,7698,4490,9473,6901
478,2762,9694,2724,8220,3547,2128,2507,2083,9843,3704
479,3285,5136,1541,945,5590,6538,3017,8827,884,9671
480,3322,2439,1586,3249,8260,2130,5809,4422,8780,1402
481,6697,5775,5400,9395,2083,7224,203,834,7694,5258
482,6382,1492,5490,8727,1394,3970,3027,7109,5722,2814
483,2050,6821,7831,4491,3748,9522,8732,2522,6245,1013
484,8160,2158,8171,6506,7205,1382,7599,3434,4526,9026
485,4191,5622,1551,8252,3661,9028,1639,6649,4109,2212
486,4616,4340,4988,50,1822,3550,6819,9708,4893,4910
487,7405,8288,2290,5580,8137,8726,9929,4458,3363,4277
488,657,6853,4909,7949,2807,554,8123,4483,232,1238
489,1512,3915,9633,2644,4652,8838,5047,9018,3468,5510
490,4451,5880,4039,6927,3551,1154,4228,4891,1226,4525
491,4275,3799,4365,1405,4424,4211,8650,928,5155,9876
492,5573,3742,4449,2135,1581,478,168,4329,4440,4144
493,3190,421,3714,1095,3649,9604,2574,3233,25,9812
494,8220,3746,5517,6238,9792,6,8119,4764,1241,421
495,7656,319,2655,6544,1357,6954,7148,1845,1290,6886
496,3927,5039,2852,7939,8854,6965,1264,2222,8626,2911
497,490,1611,1826,3485,1610,878,9035,9823,4508,7183
498,2518,4502,8971,5439,5111,8272,3280,3179,8606,1002
499,7109,6970,9522,6305,5994,2224,6590,5650,1101,7621
500,1920,7329,2634,4522,9762,1143,4351,5121,392,3772
501,930,3475,4987,5424,6165,5288,4924,1439,721,6941
502,4468,9898,2338,1593,9286,692,306,8703,8304,6315
503,4073,5113,5811,3722,33,2811,9819,3633,4280,8725
504,7866,3473,7029,3543,6816,5690,4439,4608,1249,4043
505,1888,9732,2993,2249,9738,2604,7701,2597,2530,3166
506,2346,7724,9023,9805,3713,8501,9034,366,1380,2000
507,4737,7222,7531,9431,3647,3901,4429,9856,4201,834
508,3867,9258,1760,4372,1840,7769,6833,3956,7197,9333
509,8221,9816,4226,221,9193,4855,8778,7890,990,5206
510,8570,170,1436,1413,9709,9090,9908,560,1615,1732
511,522,9833,1254,3586,6618,321,4172,7953,7879,4029
512,9812,1876,2978,4406,2340,2641,8137,7813,7593,7123
513,9882,3708,914,8322,9135,6338,2963,2579,7022,1449
514,9543,4739,1634,5677,2204,8460,8412,2624,496,5942
515,8509,1613,4166,6,6346,6108,6695,3328,6911,1090
516,4338,6254,8447,4969,6311,7468,6151,1548,4013,4712
517,989,3529,7824,5974,6675,1719,9978,4661,7120,7283
518,8436,4872,6742,7488,3528,7999,6502,5014,2390,5046
519,8929,4384,2156,7126,37,5614,6454,9709,2222,5750
520,4209,2269,6989,6112,2646,5679,5572,2197,1955,3027
521,1324,6542,3459,5352,1341,726,7344,1415,4038,4764
522,9184,5891,8476,7811,3357,2205,6175,2752,2718,5339
523,7633,8124,9231,9223,1637,9867,7478,8460,1161,3572
524,8611,2770,6769,4314,1815,2573,5294,4663,2262,9938
525,7950,1095,7685,118,2542,7866,3857,107,5945,6130
526,3967,2817,1631,9957,7285,5226,8147,1647,6993,444
527,7617,3446,5767,3222,3707,6193,3762,253,947,7382
528,1416,8084,5688,9520,6316,2003,1942,1262,8676,1477
529,3551,8191,5581,4131,5082,3711,3500,7428,9818,6719
530,2928,7511,7288,2405,5717,1159,9591,309,6288,4180
531,5647,9516,7783,478,9585,3773,2992,9172,1290,7598
532,8309,179,2707,9039,5748,1628,2697,8548,6116,6619
533,5111,9562,8243,1018,8242,5392,3778,2834,5946,120
534,9330,9984,2020,6073,3876,3811,7357,9465,8075,3433
535,3918,5878,6767,6858,9083,109,7902,8465,7797,4439
536,1876,1175,4140,3871,7630,201,2128,5847,6296,3087
537,4970,4312,7193,8227,5197,9014,5556,8931,3019,2300
538,6938,2699,1759,1383,2049,1097,7582,7972,1852,7465
539,7418,8541,1128,7506,6198,3111,3116,9801,3694,3334
540,5107,8899,7107,6121,1841,2569,42,9054,2208,4067
541,3446,3586,7738,6281,2566,5511,5052,5717,7837,9074
542,782,5061,1445,9479,4885,5807,3429,8092,8535,1742
543,9724,9635,5160,3583,9135,406,3386,533,6236,7180
544,3545,961,1337,4901,6579,1770,9168,661,2570,1634
545,4935,1803,9225,9586,4587,6164,2430,2134,691,9017
546,9230,2481,5291,6723,5109,3962,8864,4956,6907,8313
547,3341,2621,6026,660,8626,5975,3588,9524,4492,9924
548,6423,8521,4917,4670,1429,1505,2997,3282,5252,3674
549,674,7724,1161,596,1810,1175,8120,879,5171,7010
550,4456,4651,7889,1998,440,8071,9970,606,8305,7504
551,5564,142,8242,3445,7038,9174,6730,8811,2418,1334
552,6751,537,4710,4092,6618,9483,5525,631,5142,1849
553,3020,2449,4927,979,8412,5112,9190,4457,551,5240
554,3127,9573,940,134,9792,1884,763,697,59,1437
555,1961,2419,5130,6583,8231,69,261,240,6012,3969
556,227,9228,1940,4674,7583,7512,9870,7410,1728,23
557,1707,4593,5563,1296,3422,704,5386,2663,2614,9046
558,5505,7855,4063,1910,5866,6018,5535,1808,1880,7740
559,5071,2933,9182,3511,2629,1568,7765,3679,1459,6090
560,9340,8965,3430,6545,2051,8294,7341,8767,6725,4738
561,7858,7567,8812,2309,191,1760,9725,3753,6916,8658
562,4892,314,9949,2472,4072,2675,5344,781,3979,757
563,5761,9752,1029,3932,4254,7711,6044,1041,6014,3427
564,6533,6355,4689,4594,6889,4742,1555,6787,7698,9480
565,1897,7981,8494,1433,499,3931,6893,9731,3993,4635
566,2234,1181,8232,287,9492,4921,1648,8505,4607,7973
567,627,3192,8457,204,2974,294,2921,906,4167,3609
568,4854,9605,7145,3758,5092,9694,4903,5017,6125,9139
569,4146,4700,6413,8893,7416,872,2029,8397,8507,13
570,9573,5363,2553,5115,4505,5213,5973,3326,4179,1883
571,5587,8405,9677,6330,1191,5679,8236,5279,2941,2339
572,3625,8123,1856,7598,9262,3273,4213,7733,8201,6338
573,9755,894,8183,9237,9665,438,1201,9253,8254,7909
574,3109,8727,8573,1637,9904,2088,5622,1105,8269,4487
575,1134,2989,1443,2770,3534,4158,5133,2270,5102,9937
576,7852,7379,4939,6729,9740,3663,7613,9704,659,145
577,577,8363,8248,4708,3100,8800,6455,8714,2451,3277
578,4158,2026,9584,1659,4531,8091,9791,2347,6231,2529
579,3830,9003,1940,9540,9895,751,2425,2384,3611,6813
580,1797,5666,9892,6810,8137,4999,9304,9095,9910,7648
581,8165,797,5429,6639,8563,2242,2764,2819,2179,2105
582,5326,5883,8364,5615,7783,1075,8221,5122,2643,3160
583,6940,4153,3822,6751,2225,5847,4137,5708,4402,4434
584,8102,1143,1472,329,1988,1491,7980,9261,9481,51
585,1137,9,6160,8104,2452,1629,1058,4111,3324,3041
586,3643,5696,9412,1159,7766,689,6420,4797,1974,6746
587,8491,9921,1922,6787,7739,9766,4190,913,5797,3553
588,3559,5969,8171,7690,3689,9190,5700,1802,6067,2751
589,9452,2626,6082,6137,3504,1934,9008,9739,9269,758
590,2110,2800,5704,9640,4829,2501,1937,854,2208,8230
591,7077,873,128,8649,3549,4210,6620,4390,254,4477
592,2277,282,6303,9897,3582,2293,8101,7804,4717,4780
593,2600,1766,773,9615,25,9608,7695,8344,4280,3096
594,7107,4537,8328,6479,9675,8441,9896,6904,8415,230
595,4001,7355,9187,7802,7540,8544,632,5956,9976,3695
596,7971,9713,6820,4556,259,674,9653,1293,2541,8620
597,1139,5692,3270,5019,5230,8896,6609,3836,3430,574
598,3545,8326,408,538,533,1645,4260,3874,2209,1498
599,8509,4951,2220,6650,8720,8972,7447,9108,8346,2254
600,9330,7305,6431,687,2238,1292,8685,9314,5378,1237
601,2985,6074,8847,655,851,1450,4378,5227,4265,7592
602,1108,1728,5085,5135,8268,6325,558,2559,1642,3151
603,2262,706,1672,9008,5884,2400,6709,1978,592,3880
604,8796,6614,782,1435,8859,9931,5476,1660,8565,1358
605,642,1375,603,1416,9424,9436,390,2371,6444,5057
606,3917,7423,1229,1548,4083,8103,604,1019,4209,5789
607,5022,9252,2771,562,3089,203,2660,4203,6942,8501
608,6104,2252,4076,8352,8755,333,7948,1830,433,6677
609,526,9515,9985,7597,1084,5643,9884,1299,451,7188
610,9717,4520,9652,4904,7536,7587,4473,7591,9514,9352
611,6204,1978,4486,6159,4583,7383,6563,2471,3583,6080
612,4468,6983,1119,7701,2504,4339,65,7271,9585,6285
613,275,4058,4914,9101,8129,5321,6529,7259,8909,8477
614,8214,2499,9179,558,8447,9608,5944,7256,9590,1113
615,5083,4663,3547,3289,3318,529,498,7979,1309,4264
616,867,5567,2144,2618,5403,2937,4973,2519,6336,285
617,1664,1169,1950,7786,6285,5501,8247,4459,6914,3329
618,3007,7457,8796,5255,2946,6398,6401,5373,782,2420
619,2255,8338,1275,2608,6759,7909,1152,802,6832,4544
620,9255,9507,5917,9659,4419,620,4792,2248,2067,3656
621,238,5550,5895,9384,7159,3204,7613,1744,5978,4000
622,4831,3591,2267,494,7861,778,2733,8459,7821,7024
623,653,8153,9822,8265,5295,5866,7120,6768,5230,5795
624,7276,1521,8134,5649,6479,2578,2400,7599,7484,2345
625,2035,811,5629,7952,6574,1833,7420,195,9010,3996
626,5007,4469,1234,9518,2475,8745,5418,3603,6568,2719
627,2993,7503,4960,2193,8146,8331,4020,7658,3130,8212
628,5787,9787,9947,2792,6233,1168,4400,5714,5652,7802
629,663,6326,5940,6399,1579,8266,5747,8518,1772,4174
630,8359,5077,1374,8395,4185,1768,5544,7242,6388,6606
631,200,4496,5629,6772,9810,2487,7842,9172,4509,6124
632,5656,9785,6592,4546,9512,3218,922,1174,3241,1038
633,1810,4267,9844,5294,5261,4255,4461,2278,6553,2265
634,185,3702,7147,7651,965,5409,4522,6808,8260,2402
635,8688,7608,4173,2902,146,5337,652,520,8905,7636
636,7116,7094,8684,4122,4988,3322,2880,9403,6329,6902
637,7646,1415,75,3581,9579,6419,2419,805,9785,3471
638,4467,8638,2631,301,3105,8949,2283,2971,3362,2037
639,4785,1941,8016,2072,6810,1663,4320,3806,9142,8693
640,3218,6635,1280,6395,395,4165,5908,4277,2496,1227
641,257,5324,8648,1431,4628,9521,9696,8853,8167,8694
642,9815,3272,3057,1544,2202,2698,3293,1071,4234,7262
643,7021,4324,441,1297,2056,3685,8784,9518,9504,6744
644,831,3361,3553,9492,1502,813,7502,9618,6086,2759
645,1224,9290,7851,916,1322,1590,1120,1525,8861,1045
646,9488,9201,7240,9993,8571,1816,5929,2051,4396,7948
647,7718,1875,2279,5142,8877,3186,5269,4873,5137,2888
648,7336,4683,1138,6519,5534,1017,7202,7945,3281,1098
649,6565,7197,3273,9565,7920,2792,4140,9591,9787,5168
650,1672,3935,6500,5775,6985,465,5426,8447,3079,8319
651,671,2004,1523,6878,5304,9136,1103,1007,98,9897
652,7516,2510,2148,2687,6326,6856,3058,2480,6990,5533
653,9673,7500,5156,3109,785,4006,608,1850,953,5423
654,7774,2325,9813,435,5721,4008,7944,6084,4047,6712
655,7758,9545,2180,2794,6733,8832,3309,1616,7099,9202
656,3416,6064,2119,9437,8583,9189,3294,9435,2349,778
657,4892,8242,6950,2737,9109,3351,3488,3476,8512,4493
658,4874,8141,4767,9936,3744,4961,6370,6667,2305,307
659,1505,8585,8881,6678,6680,8141,4283,1281,4970,9441
660,3427,7248,5820,6981,1150,2342,4209,6400,2118,7912
661,3499,4317,4435,4848,4223,9192,8817,7516,1675,8071
662,7082,3517,2886,7977,6432,9818,5331,8582,5243,7952
663,8023,3662,6515,5852,474,4155,5317,9306,6965,4101
664,5719,2114,5348,3151,3557,6871,6912,1694,1040,63
665,9639,1677,6124,6143,8697,6541,9720,7662,1983,2166
666,8177,573,2040,4454,2497,2798,9134,5548,2117,624
667,8252,3724,6179,9583,4052,1880,3757,8486,9885,2293
668,5086,3150,1211,2408,2709,1889,4983,237,3298,2880
669,4779,4141,2403,1123,6759,5946,2111,1123,1562,7931
670,4026,2051,4379,4083,3548,3650,2216,6910,4002,1499
671,3448,7375,2735,4879,7709,3782,2742,4025,2104,7857
672,5117,8975,3110,8943,6466,5696,2148,2542,5512,1094
673,8649,8777,6013,5345,1390,1308,4994,2841,5121,8146
674,367,8158,2429,6510,3467,6827,7160,9752,4570,4646
675,2569,3011,9814,7655,8084,8829,6961,5392,2451,9810
676,2618,2482,296,855,3923,4606,8539,9540,1987,2550
677,5483,5036,5503,2410,2114,8007,3419,8216,1164,4257
678,4619,4539,8559,9703,5660,1252,4399,3943,3815,255
679,6206,7588,9775,7137,7623,4355,4776,296,7160,6660
680,7763,5892,3644,2736,2267,9084,1377,9996,2341,82
681,2456,6664,4682,5809,608,3052,3227,3626,5670,7005
682,9200,9372,9616,455,4564,7326,6297,2818,8003,4173
683,2377,2203,5548,5255,9578,2615,3454,9071,9501,5520
684,1921,4347,6691,3723,8691,823,6070,4322,2303,3295
685,2656,4833,9403,3927,1012,1145,9357,6866,6479,5763
686,3817,2196,2212,7067,8449,1221,5671,1790,2946,3706
687,9532,5020,4133,4497,9825,281,2355,6936,7202,7046
688,3885,103,8414,2571,5965,8662,623,1916,6970,1822
689,5486,108,3047,2268,6938,554,2175,403,6865,5859
690,4363,2540,962,1615,2227,5873,4934,1323,9036,7113
691,6168,435,6881,9557,4429,2680,7707,5685,2230,7199
692,4335,3825,9180,5913,685,4930,6361,5760,2246,9023
693,5260,9710,3008,439,316,4463,2060,4241,2908,7588
694,5251,1043,8358,5464,614,8087,8688,4805,4813,2270
695,4740,3689,3479,475,3035,3679,8656,5529,4056,1084
696,7517,5056,4883,7941,206,2233,8372,281,7911,8158
697,9735,730,1041,6551,6439,8763,2831,488,3086,720
698,5949,5921,6702,1788,5314,6559,6483,1294,1398,2833
699,688,8290,6220,9699,497,7121,9345,3260,4610,4499
700,2282,7326,4846,3184,4821,7914,7757,6007,5477,4083
701,311,9715,9268,1620,5078,3377,276,6879,7954,3284
702,1825,7074,6981,5208,119,7558,1709,561,3304,3054
703,6237,7431,5332,8226,8506,7345,7134,681,7889,285
704,6593,6360,2268,57,4030,5398,2377,8688,3544,5857
705,4665,8811,7105,8352,166,8334,3023,3631,5150,6755
706,1717,5335,4424,752,3652,6947,6662,1715,6949,8331
707,6340,6760,5670,6788,3436,1517,1249,1920,3426,193
708,9959,2599,602,1542,5914,7312,344,9626,1443,9456
709,7853,7809,3537,692,1719,2609,3647,5189,4190,6260
710,3373,1139,8419,1286,9426,5462,1111,9827,8388,4310
711,3892,4728,992,9933,3321,8544,1336,6589,2569,7805
712,4523,8347,1448,6220,7901,6046,6656,2118,4861,7206
713,2260,3075,6694,5716,3594,3355,708,4310,8176,8116
714,6446,10,1930,893,3127,9290,259,6477,4787,7609
715,2131,595,3580,3359,4354,1090,6601,2773,7964,1020
716,5592,8278,7995,6154,1599,4986,6176,5756,6018,8297
717,5863,1611,5103,3129,4992,8181,7627,1813,750,7665
718,8903,4129,4074,4700,7059,3498,5927,2590,5944,7833
719,9111,1447,9846,2045,6627,8188,1244,3087,6084,3957
720,4795,7628,9044,642,7372,3170,8900,8884,8101,3461
721,3859,4232,6580,823,2946,2005,7050,2238,9314,3033
722,2573,5612,5088,6547,8663,4081,6518,3149,3270,9047
723,4650,1846,8025,1201,92,6400,238,3500,629,4554
724,1882,7765,7197,2954,135,5984,6286,9008,263,1147
725,4599,2223,3972,1543,814,5203,3394,9833,2716,9261
726,3158,3069,306,4283,831,4722,3697,7839,488,9917
727,2165,8002,3789,5085,7123,3870,1557,7878,6928,6707
728,4007,4101,8173,4314,8373,305,2843,6951,3708,7979
729,9063,9212,48,1913,5347,7151,9828,6814,573,2490
730,8739,985,5091,6622,7534,3686,1827,4412,558,8671
731,4369,3749,2767,862,496,1430,7282,5145,4465,2625
732,9536,740,6940,6825,130,5150,3590,8552,4964,7601
733,9200,8685,5215,1383,4222,5140,869,8516,9419,3414
734,6871,8609,1548,6122,1180,899,8355,2852,7051,5919
735,1249,4873,7698,6010,827,1597,2505,825,6049,5488
736,8790,3193,4297,421,2307,4470,7080,8608,3732,8087
737,8972,2915,9709,4754,9529,6529,5120,6503,9098,470
738,2380,9864,5742,5640,520,7265,5525,6393,5309,436
739,633,1092,8868,9085,9773,9944,5526,1921,8805,7829
740,3515,9836,2271,223,7187,2562,4231,5692,8375,357
741,3067,6522,6609,1195,7452,3361,5714,6997,5211,7758
742,3264,5964,2363,3572,3187,766,5527,6189,1943,5853
743,8835,3332,5561,5916,8740,5680,7233,2476,128,3691
744,9712,3702,4698,2962,4477,6110,621,240,1401,2128
745,6275,4705,5768,4792,844,2047,1064,6279,4808,5664
746,621,7656,3739,8368,4673,5038,8771,123,6693,5969
747,8429,7627,2492,9604,3751,5214,1467,2484,962,4864
748,7281,3172,1850,6638,409,3235,8096,7629,2839,7076
749,3397,8201,7916,9344,1959,5952,4115,8694,3984,1224
750,2163,4522,7984,3232,8995,5714,9626,5257,9384,5039
751,1232,9073,3715,9634,7919,1059,6406,5056,2,4950
752,1647,8527,8981,4905,4900,980,8250,5800,4272,6967
753,3289,5418,4790,3621,7263,8394,7494,5718,870,112
754,619,4019,8214,8962,6014,1232,9662,2785,8331,9332
755,3246,2259,5348,9913,4827,9866,4787,2021,2053,8783
756,2391,1909,527,6425,2963,6468,7445,6078,8749,6450
757,1975,9477,7354,985,2305,4894,3216,8895,2299,7104
758,9746,5325,7915,8473,1602,8365,763,1473,5088,5687
759,2622,1083,3740,5744,5005,6968,7907,9180,6427,5387
760,6796,3485,9035,6676,8142,3884,2341,6408,8808,3222
761,7232,8975,2975,7173,61,874,382,6946,6179,3823
762,6105,5502,349,3081,8690,3291,3862,5512,6327,6026
763,6791,1084,1811,5750,2093,3310,4425,282,8852,7566
764,2248,9282,4303,2732,5483,5583,5569,7209,6452,793
765,5192,5308,3207,4360,4083,4375,6817,6886,361,4392
766,3661,9674,7680,9915,1471,1066,5187,6747,6984,2771
767,2318,9842,8993,7897,509,8975,8585,3642,686,677
768,5917,6020,2889,9650,4820,1573,5748,3366,4270,651
769,4538,4363,646,3029,3300,8869,5374,4566,8260,8588
770,6085,4258,47,4468,9331,4272,2999,3311,2295,8961
771,7426,5878,5898,5730,9283,3841,1447,8464,374,6448
772,1636,7161,8515,3586,3845,5969,6589,8595,1391,5149
773,2282,4712,6792,9884,2526,7066,9232,5931,2642,6111
774,7607,2457,1476,8341,2994,2069,7267,5729,6107,9903
775,8711,5183,1197,3784,6132,6009,5477,2065,2872,871
776,2014,6783,4378,1685,444,1619,2983,4495,3839,5325
777,2520,5588,2981,194,4946,4059,613,8070,4640,995
778,2838,6408,8499,6560,8078,3305,3158,5759,6831,6310
779,4091,3505,6715,4801,8119,3943,5195,9016,8558,2573
780,6715,4281,2967,9671,2104,2509,330,1868,1503,1751
781,5285,5376,632,8953,4360,3530,6665,379,8967,6110
782,2116,2167,837,4277,5060,9514,4384,8139,6013,2874
783,4105,1222,7538,6677,5225,6193,3664,7364,1155,9603
784,8577,17,8278,1411,9286,4814,7262,379,5630,7613
785,6941,9175,8239,6808,7943,1658,1317,2177,2306,9028
786,5861,5294,3776,789,4927,3115,8536,3814,3750,2818
787,2853,9813,3681,898,5493,9518,1278,2398,6863,4919
788,8329,918,1298,7775,6559,9890,6671,6325,27,2811
789,6707,22,2305,7129,6433,1181,7241,4823,9806,9031
790,9417,2259,2081,7129,6238,1717,4868,8799,5252,4975
791,8342,1445,4297,6936,7785,9544,575,1722,2435,268
792,5100,5034,3633,5483,4019,305,8817,5717,8745,3301
793,5346,488,2283,8216,3161,7278,4214,2303,478,6797
794,4454,5028,8304,9860,149,2799,7890,1874,7648,5866
795,4464,9462,5145,8171,2275,2602,6953,2692,7222,5643
796,7726,8325,2426,8588,6305,3870,3596,9313,6687,6598
797,3774,992,5989,4316,6448,589,7947,9672,6365,6059
798,1060,8039,2053,7579,7027,1419,4863,2844,2910,1360
799,9883,7203,9135,4203,8221,326,1626,1719,8555,5982
800,5892,9734,4018,3843,9332,9864,5398,3835,1189,4070
801,2399,614,1875,9566,905,7067,2074,6168,5826,363
802,7399,8841,2199,8917,6378,350,446,3384,748,5558
803,4585,6383,2495,625,2670,9480,2281,6539,6677,7466
804,3746,8089,7015,3397,1241,1302,3136,5869,7280,9937
805,8943,319,1975,2756,1716,7188,1823,1520,3323,6783
806,4259,4130,1395,8017,1072,1683,2082,3156,3829,6748
807,7185,6348,3742,1981,7883,6531,9278,2922,4099,5889
808,8709,2017,5761,6584,2671,9069,2048,6763,8675,1632
809,21,1411,9857,6520,5998,8669,5293,7881,8396,5167
810,655,1383,713,6676,4958,13,4747,9376,3850,1427
811,3293,8724,3231,3217,3717,7952,69,8322,9662,2844
812,8818,2380,4174,3541,3196,4421,7798,4774,8872,5161
813,6525,1126,7318,6172,8407,5414,7939,6303,9383,4549
814,9541,4225,1684,9651,576,5855,4288,7002,9014,8526
815,2159,2005,1885,8510,5970,6582,8495,805,5235,954
816,1827,6023,2854,7489,664,1962,8945,4598,5812,576
817,9870,2665,9129,1381,5707,3731,2281,8970,2018,3636
818,5409,8565,2724,2566,8246,9696,7029,2339,2259,6986
819,9389,9136,3834,527,5131,3059,6870,3179,6077,6951
820,4943,9149,2893,6017,691,5125,765,6399,2063,3614
821,791,5181,6269,5020,70,9720,87,2690,2036,2706
822,5002,1752,6225,2050,220,1685,9237,7687,671,8985
823,1601,5802,3088,2186,1707,1227,1049,6079,475,881
824,7843,6672,8017,9088,823,8485,7213,4430,8431,4793
825,4808,6476,5047,8190,7389,7572,5806,426,6998,7120
826,402,1421,6199,1658,2310,6428,2346,7372,817,6823
827,9494,2509,7393,4595,1976,9407,7330,9629,8795,7697
828,9251,123,1105,7920,1931,2663,7101,5558,5016,4139
829,68,9595,2024,9400,4127,6579,3779,6902,5879,4987
830,724,7528,2181,4965,3379,601,3397,1508,6660,9302
831,5619,9744,1875,9160,7945,8407,4090,8605,6340,1783
832,7851,7724,5810,6624,9833,4497,4867,6538,9255,8157
833,9102,7684,3908,149,8624,7551,3902,7554,622,1976
834,2388,237,6592,8757,1450,1442,6442,1301,8326,3572
835,5540,4627,1938,5887,2099,76,4852,2371,9526,3393
836,904,3462,9918,6656,3564,3471,2684,4835,6329,5141
837,2022,7581,8134,4340,7898,2917,8950,4708,6158,1977
838,3772,1045,1047,1268,5997,9084,1680,907,2520,826
839,5204,571,7214,9232,8592,8443,8682,277,3691,9154
840,260,8197,8170,7569,1236,8161,33,3685,7589,7185
841,7063,7116,9568,1421,9692,7299,249,8727,8986,4993
842,4994,3370,3869,1675,2263,2476,5851,1950,120,7370
843,9627,8890,6505,6631,793,5759,1096,5969,8806,3732
844,9188,9457,3376,7629,5244,7398,809,4803,6094,6850
845,1354,916,5306,4014,107,905,5486,7140,5675,9510
846,5980,2389,6173,2211,5314,4240,3268,6796,4600,8434
847,4824,2074,1057,3487,8401,1176,9745,803,1446,7501
848,6543,2134,5832,8390,7901,7279,6957,9466,286,7951
849,3787,7585,1519,9240,8307,3307,6046,8493,5592,3810
850,1148,3491,4036,6331,7128,5014,5872,6843,9405,8161
851,6428,218,1691,1594,1472,152,4007,5511,2537,9658
852,33,8682,8329,7461,3386,5008,2577,5349,4751,2956
853,4864,1663,2698,458,6478,4139,9850,7013,3194,9383
854,54,9547,8322,8950,5811,421,9227,3525,4470,6065
855,3407,7895,6263,5103,8534,7455,3010,8262,7407,9385
856,8497,6564,2763,9737,3150,331,3826,2484,1136,1900
857,4005,9198,2313,2368,1526,4129,5148,3290,4041,9531
858,8256,2446,2975,8846,252,971,4275,8186,4648,5524
859,762,9097,8841,1093,8340,9029,7606,4379,5153,3911
860,4967,4901,6276,1443,3688,8810,3319,167,9984,2781
861,2810,6550,9233,9587,3230,7033,1815,2876,9583,3545
862,5779,680,4556,2524,1166,8035,4961,2573,9878,9701
863,4922,7456,422,2500,4755,5377,2474,9343,8317,5904
864,1693,2756,4824,5147,821,3037,479,8288,1624,5253
865,6589,4183,5089,6482,3494,58,2854,7507,4745,3039
866,4917,2105,243,7290,4896,6644,6054,4606,2422,7400
867,4680,4893,3648,9889,9266,8105,4864,3128,4014,6491
868,6630,6764,2008,1996,4773,3919,596,3672,3714,5575
869,1001,4323,4044,704,5371,8961,5812,6184,162,8566
870,7156,6985,9645,4123,7548,7203,9400,8913,3819,6765
871,8043,1930,2818,9843,7346,2018,2039,4281,7775,4992
872,0,3651,7810,9925,9741,1069,5925,9212,514,2135
873,5256,8147,6400,1089,2583,5303,4250,9395,9306,9913
874,9408,7762,427,9895,9913,7566,5797,3079,4731,9529
875,6525,8430,7828,6155,5349,7416,2469,6812,4985,532
876,9163,328,9970,3306,6087,2398,1191,4357,9028,8428
877,6816,6658,1645,2025,9492,8351,6693,1459,8180,7079
878,8477,8671,573,9153,3749,2090,2580,149,6645,8176
879,9045,8041,2663,296,2154,6499,5917,7669,6235,8978
880,1724,6974,9274,5063,6292,1435,4633,6276,206,4238
881,5782,1507,1695,1466,5951,5473,6525,7542,7786,5377
882,4654,1979,6075,627,2232,4037,5821,6173,4206,4850
883,1452,1598,909,9696,7877,9063,1157,9331,6545,3255
884,5642,3521,3638,7780,4646,5264,4063,2122,9018,7021
885,7741,1371,9115,3524,5547,9196,9568,9020,2792,2061
886,429,1102,8517,9677,1056,3278,2897,8175,3870,7390
887,3401,2731,2485,558,9342,2251,4250,3286,6733,5129
888,1122,4308,8622,6809,4647,9901,8053,4621,3777,5785
889,7457,2724,8088,2324,4790,155,9722,9197,939,3310
890,7681,2623,8051,1232,6788,8178,7333,6843,5383,8700
891,3399,4163,9395,2135,9623,1965,6349,6966,1566,340
892,5447,3777,7192,9200,1457,9276,6046,9352,2275,4209
893,9560,7270,7601,3548,6143,4223,6388,8585,5048,9063
894,6542,2352,1115,8514,4191,9554,7797,3738,9785,1853
895,9651,7071,2056,4959,149,431,8276,104,1688,2388
896,5958,3192,689,5093,3924,9388,5057,5496,2034,8672
897,6119,1445,863,4925,757,6161,9911,4909,8371,8883
898,4474,7103,2659,8409,3145,2478,1068,3595,7358,6953
899,2902,9277,6229,5885,7870,2598,1822,151,8722,3689
900,7972,4081,2512,4236,961,5081,3565,5019,1205,2109
901,4363,6127,8676,2041,7466,2617,2258,3348,741,984
902,3525,5728,1285,4634,4890,8042,9936,4207,2315,3489
903,8937,492,7070,8728,4196,5660,7241,1554,1735,984
904,1515,4175,2015,1377,3384,9317,6645,8619,5354,8691
905,4421,9743,2847,9308,3851,8895,2122,5186,2182,7401
906,7938,4411,1580,5564,8447,6128,6192,1221,7859,8857
907,5566,710,5567,7479,1447,9227,3922,1196,9633,816
908,2711,7816,7018,43,6214,6079,6640,136,9678,8503
909,364,5175,5517,1760,5889,8012,3759,4155,6559,5038
910,1233,5936,9853,3870,1067,9237,3410,7292,7465,6217
911,2111,3653,916,7524,366,6333,1554,3593,8426,2365
912,213,5363,6079,5200,4017,5950,157,5590,4809,5917
913,5119,2233,9712,2481,7084,8936,4257,3023,350,9098
914,2287,6780,4376,8836,6471,6018,3604,3240,3446,3580
915,8508,7283,8042,901,9239,4124,9945,3894,3348,6418
916,5914,947,4022,6505,1316,9354,9396,7057,8345,1790
917,9763,8110,3867,5264,8099,4248,5481,3115,364,354
918,8029,1550,7973,70,3893,3645,6004,4807,4694,6506
919,2246,7431,6064,8199,5753,9833,370,3845,1443,4339
920,2995,7579,2176,8399,2177,847,1697,7283,3465,5940
921,4686,2802,1309,2607,5706,6822,658,7381,149,178
922,2633,9191,5230,3033,9508,4810,7865,5433,4205,2982
923,297,6,2153,8350,7101,2690,1449,7054,6204,5106
924,2904,662,7575,9695,5260,7870,4913,3919,6400,3571
925,5678,4740,7133,7662,5381,9954,9453,4479,5536,1281
926,5154,7244,3466,3860,6590,3479,4895,2976,8493,8938
927,7634,124,9876,5297,1166,4800,4698,2630,1184,9445
928,4461,1619,7298,6956,8832,5674,9867,1798,1723,8549
929,2270,1608,1693,2875,9229,6789,6605,3184,6511,5237
930,3099,7029,4235,1777,5018,9003,4768,3978,4498,2555
931,4876,1607,5897,872,1314,2466,2166,4671,1740,2518
932,6172,4351,1468,5012,649,5258,8446,254,202,4785
933,9622,4601,6723,7157,5569,5105,7435,3388,3907,68
934,8562,4203,143,3347,6739,829,7649,1713,1594,2814
935,2722,4730,2610,2325,1063,6372,1901,8387,5327,5541
936,7389,7466,7946,8788,3004,1685,3429,7403,9538,7703
937,5651,1792,8519,5708,2306,6069,4112,3671,8686,6107
938,3042,5837,7044,7214,6627,7082,9736,7708,3042,5748
939,9501,7049,312,4323,4157,3904,2240,3749,5050,3407
940,2028,5466,3014,9995,3671,383,7925,8129,6074,5431
941,7628,622,5558,3027,8477,2058,3425,3372,5111,2821
942,1884,8099,8990,8699,7117,3235,6532,169,2497,5516
943,9536,1646,1936,3720,2943,5598,8059,5974,5549,6099
944,1663,1826,2271,7124,7131,5878,8453,6797,3985,6948
945,5095,1674,8291,1571,1601,9740,9029,9192,9971,2429
946,6898,2099,9134,217,972,9956,4247,5666,7428,5887
947,7714,6744,4165,9361,3007,7543,6603,2055,541,1947
948,237,520,6904,5587,8294,1799,8795,4940,1156,8649
949,3156,8651,5010,874,8027,4084,4395,3172,2513,2047
950,8176,12,2019,7850,685,685,8562,8468,4639,8172
951,9286,4791,8884,4792,7249,53,1967,1613,5624,7221
952,3624,7624,9740,5730,239,327,4309,4484,8413,8132
953,8694,5469,5218,1847,5124,4960,8726,5413,1648,5588
954,4144,892,6823,32,1479,6970,6284,8313,4435,8904
955,4258,9163,5202,635,5040,7399,4387,9049,3544,691
956,5162,7707,2812,7856,9990,5779,5456,8143,66,7234
957,6753,4236,6183,314,398,9706,7207,1724,806,3442
958,2293,1252,3005,2217,2961,8188,7562,5021,4477,9985
959,9006,9057,1693,9585,4389,8980,3030,520,5528,9233
960,4016,253,2074,7954,5101,6753,3831,7967,2175,9279
961,4047,6765,8937,2509,7355,3632,7309,2463,6088,1670
962,4844,6296,9723,4370,1632,3017,9934,1224,4830,9196
963,3749,1667,8763,1307,7476,565,7009,3150,3025,4843
964,2381,7668,7190,9520,9267,4277,2349,3125,5685,7261
965,3357,8306,5039,9126,1635,6548,9750,1476,9531,3319
966,3480,3660,838,8106,4689,9515,3093,7549,1159,4184
967,6225,9716,6759,5717,8278,4501,3038,4859,384,5372
968,3566,6444,400,3408,162,4864,1349,3770,9979,4021
969,7220,2115,9682,1764,9158,6307,6275,1628,9805,5382
970,9125,6110,6897,3246,1318,8729,3982,8732,1754,9327
971,4105,936,4601,3715,517,2218,1187,5657,4875,7405
972,6397,3504,6881,1665,6047,3364,1670,8369,5564,8475
973,533,7477,5134,727,906,593,697,6452,1087,2608
974,9896,2073,4811,5538,3910,9374,4341,8505,492,2675
975,6182,5559,9659,4139,4941,3129,3740,2742,2004,6834
976,7861,9755,987,9615,2985,4214,4094,4538,6785,6149
977,5167,4702,2442,4417,4468,995,2183,2225,1322,4396
978,1417,9955,9387,7977,8176,2860,3588,2579,2307,7315
979,688,4010,126,4797,7015,3665,623,316,8159,7947
980,9475,3100,8702,9707,4973,1440,5328,3799,5584,9064
981,6882,7172,6382,2575,901,6644,975,2589,1599,6004
982,4965,1955,7204,578,376,6761,1621,1989,9489,3714
983,630,8957,2853,3806,6502,3603,731,3606,7416,5700
984,4076,5517,4288,408,9742,9415,3724,6102,4235,7031
985,632,3112,2963,8469,4280,4081,2416,7153,3200,5834
986,5201,5010,7449,4306,7456,4224,6779,7420,4931,7347
987,8147,5978,6718,2476,1938,1035,4285,2621,8814,2683
988,8835,9973,3582,5865,4118,5047,8672,5604,7208,7629
989,6251,316,6084,6976,3916,5542,9104,7528,7576,9835
990,3275,2102,8998,343,966,4457,6957,4217,3562,7552
991,7896,6978,2443,6679,5828,5939,431,5002,6640,4433
992,8979,8357,8588,623,8543,2523,7562,7276,9953,9228
993,5513,3362,9552,3418,8282,6173,7671,4608,6186,7465
994,7147,5206,3985,8326,4792,8572,4815,8283,7099,9489
995,4177,8039,7593,8930,84,1392,1659,4958,9207,6091
996,8731,9581,8562,9590,6989,8320,7710,7619,4943,4447
997,5951,5432,7089,5815,9619,5881,2566,641,8816,760
998,3346,6108,467,9778,1600,7823,5425,6593,820,1832
999,6286,5950,2191,5941,6608,1701,8321,6235,8099,2644
1000,3914,4879,7473,9099,4175,1604,3422,7167,9647,136
